,city,company,salary,summary,title,parsed_salary,hourly_salary,monthly_salary,annual_salary
0,San+Francisco,MarkMonitor,,"Data skills (SQL, Hive, Pig). Applying machine learning to classification problems on unstructured data. MarkMonitor&mdash;the world leader in brand protection...",Data Scientist,180000.0,,,
1,San+Francisco,Workbridge Associates,,"3+ years of industry experience in a data science or data engineering role. Strong coding skills in data science languages (R, Python)....",Senior Data Scientist,155000.0,,,
2,San+Francisco,Mines.io,,We are looking for a data scientist/developer to fill a cross-functional role on our small team. We expect you to be able to work and experiment with large data...,Full-Stack Data Scientist,100000.0,,,
3,San+Francisco,Workbridge Associates,,In this position you will share programming and mathematical challenges with fellow data scientists. A San Francisco-based retail startup is looking to bring on...,Data Scientist,165000.0,,,
4,San+Francisco,Smith Hanley Associates,,"This person will recruit, build and lead a team of Data Scientists. Top technology firm in the Bay Area seeks a Data Scientist for a leadership role in consumer...",Data Scientist,140000.0,,,
5,San+Francisco,HSF Consulting,,"Teams included Data Services(including data engineering and data warehouse developers), Data Operations, and Data Science. Data lead at data company:....",VP of Data Services,300000.0,,,
6,San+Francisco,All-In Analytics,,"Fraud Data Scientist. Seeking someone with skills and experience when it comes to Business Analysis, Compliance, Fraud Analytics, Anti Money Laundering (AML),...",Fraud Data Scientist,125000.0,,,
7,San+Francisco,Brilent,,"Perform large-scale data analysis, find interesting patterns and translate them into product improvements. We are building the next-generation, big data talent...",Senior Data Scientist,130000.0,,,
8,San+Francisco,HSF Consulting,,"More data- they simply have more data than they know what to do with right now. About the startup- Applying disruptive data science, cognitive research, ML and...",Senior Data Scientist,160000.0,,,
10,San+Francisco,Jobspring Partners,,"Given the high volume of data collected by the company’s software, experience with non-relational databases is strongly preferred....",Python Developer (Machine Learning),162500.0,,,
11,San+Francisco,University of California Berkeley,,"Must be able to work in a greenhouse, manage data sets utilizing Excel, and follow research protocols and regulatory guidelines with exactness....","Staff Research Associate, PMB",3850.0,,,
12,San+Francisco,Workbridge Associates,,"You will collaborate with Product, Data Engineering, and Research & Development. This person will be responsible for developing novel algorithms that translate...",Chief Algorithm Developer (Signal Processing) - Wearables,150000.0,,,
14,San+Francisco,University of California Berkeley,,Demonstrated experience with programming for biological data analysis and familiarity with functional genetic and/or genomic data is expected....,Post-Doctoral Scholar-Employee: Analysis of omics data,47406.0,,,
15,San+Francisco,Workbridge Associates,,This leading company has a job opening for Principal Data Scientist in Downtown San Francisco. The ideal candidate is excellent in problem solving in team...,Principal Data Scientist,155000.0,,,
17,San+Francisco,Workbridge Associates,,"2+ years of experience in Data Scientist, Quantitative Analyst, Research Engineering, or similar role. Subscription-based retail tech startup has an opening for...",Data Scientist (Econometrics),140000.0,,,
18,San+Francisco,Workbridge Associates,,"Solid experience in data science. Established mobile entertainment company is seeking to add a Data Scientist to their team to help in vital decision making,...",Data Scientist (Statistics/Economics),120000.0,,,
19,San+Francisco,Corporate Labs Technology,,"Machine Learning Developer Brisbane, CA Sign on bonus Stocks! Up to 10% bonuses $110-180k depending on experience Fast growing social media company is",Data Scientist (Machine Learning),145000.0,,,
20,San+Francisco,Brilent,,"The Brilent team brings together deep experience in machine learning, and data science from leading edge companies to solve the growing problem of leveraging...",Senior NLP Scientist/Engineer,150000.0,,,
21,San+Francisco,Workbridge Associates,,The Senior Data Scientist position requires a fundamental knowledge of both computer programming and applied mathematics or statistics....,Senior Data Scientist (Autonomous Vehicle Research),170000.0,,,
22,San+Francisco,3coast,,VP - Predictive Modeling / Data Scientist. Handle missing data through an algorithmic approach such as multiple imputations to enable insights in sparse and...,VP - Predictive Modeling / Data Scientist,140000.0,,,
23,San+Francisco,University of California Berkeley,,Ensures accuracy and completeness of data in master files and various support tools. Should be knowledgeable about professional approaches and relevant...,"Database Administrator, GSE",74550.0,,,
24,San+Francisco,"NextGen Jane, Inc.",,Scientific Researcher – Next Gen Sequencing Scientist*. Scientist will be responsible for optimization of protocols and troubleshooting difficult sample types...,Scientific Researcher,65000.0,,,
25,San+Francisco,Jobspring Partners,,This is an opportunity to lead a team of talented engineers in the personalization and data analytics industry....,Vice President Engineering (Big Data/ Machine Learning),227500.0,,,
29,San+Francisco,Talent Compliance Consulting Services,,Strong data analysis skills including setting specifications and monitoring reagent/kit lot performance....,Quality Control Scientist,100000.0,,,
31,San+Francisco,California State University,,Compile and analyze data for written reports and presentations. Analyze data and make accurate projections using standard budgeting and accounting practices;...,"Administrative Analyst/Specialist, Exempt I - Office of Rese...",55200.0,,,
32,San+Francisco,Workbridge Associates,,Industry experience as a data scientist. Popular mobile entertainment start up in downtown San Francisco is looking to add an experienced data scientist to...,"Senior Data Scientist (Python, R, recommendation)",120000.0,,,
33,San+Francisco,Corporate Labs Technology,,"Natural Language Processing Brisbane, CA Sign on bonus Stocks! Up to 10% bonuses $110-180k depending on experience Fast growing social media company is",Data Scientist (Natural Language Processing),145000.0,,,
34,San+Francisco,Workbridge Associates,,3+ years as a Data Scientist required. FinTech start-up in the personal loan space in looking to bring on a Senior Data Scientist to add to their growing team....,Senior Data Scientist (FinTech),152500.0,,,
35,San+Francisco,Workbridge Associates,,The role will be working on technology that provides API endpoints to gather data. A leading San Francisco-based company in the fin-tech space is looking for an...,"Staff Engineer, Machine Learning (Scala)",180000.0,,,
36,San+Francisco,Workbridge Associates,,"There is a small team of Data Engineers and Data Scientists, and they are looking for similar-minded individuals that seek learning opportunities and a...",Mid-Level Data Engineer,135000.0,,,
37,San+Francisco,Workbridge Associates,,"A really fast-growing, small startup company has an open job for a Data Scientist in San Francisco. The ideal candidate is strong with Python, has experience...",Data Scientist - Python,130000.0,,,
38,San+Francisco,Analytic Recruiting,,5+ years experience in data mining of large disparate data and data modeling. Track record of success in a data scientist role....,Lead Data Scientist,160000.0,,,
39,San+Francisco,Workbridge Associates,,"Drive creation of best practices and new standards for statistical data modeling, optimization tools and big data for consumer facing website....",Director of Data Science (Mapping),175000.0,,,
44,San+Francisco,LT,,We have four QA engineers with three more open positions and two data scientists with more open roles. My client a leading mobile application company located in...,QA Engineer,125000.0,,,
45,San+Francisco,LT,,We have four QA engineers with three more open positions and two data scientists with more open roles. My client a leading mobile application company located in...,Java Developer,200000.0,,,
46,San+Francisco,Galvanize,,"As part of the Residency program, you will receive dedicated mentorship from our expert instructors and faculty to cultivate your development as a data...","Data Science Resident (DSR), Data Engineering Resident (DER)...",2500.0,,,
47,San+Francisco,LT,,We have two QA engineers with three more open positions and one data scientist with more open roles. My client a leading mobile application company located in...,Erlang Engineer,180000.0,,,
48,San+Francisco,University of California Berkeley,,Concepts in Computing with Data. (On reproducible and collaborative statistical data science). Introduction to Probability & Statistics for Life Scientists....,Lecturer - Statistics - Department of Statistics (includes s...,49012.0,,,
49,San+Francisco,Workbridge Associates,,Industry experience working as a data scientist. New start-up in the healthcare space is seeking a Senior Data Scientist to join their team of focused and...,Senior Data Scientist (Healthcare),137500.0,,,
405,New+York,AllianceBernstein,,C onduct quantitative and statistical research as well as portfolio management for various investment portfolios. Collaborate with Quantitative Analysts and,AVP/Quantitative Analyst,122500.0,,,
406,New+York,Empiric Solutions,,The Data Scientist will be responsible for ensuring that our data products are of the highest quality. Develop and maintain ongoing data exploratory analyses...,Data Scientist - Digital Marketing - Technology Start-Up,140000.0,,,
408,New+York,Empiric Solutions,,"Our client is looking for a driven and enthusiastic Data Scientist to join our fast-paced, execution-oriented Product Development team....",Data Scientist - Life Sciences,140000.0,,,
410,New+York,Wade & Wendy,,"Our Data Scientist will integrate data from web sources, real-time adaptive questioning, and human-intelligence, to develop algorithms that create smart...",Data Scientist,100000.0,,,
411,New+York,ADMIN FOR CHILDREN'S SVCS,,"Two years as a City Research Scientist Level I can be substituted for the experience required in ""1"" and ""2"" above....",Director of Qualitative Review & Evaluation Unit,97866.5,,,
412,New+York,Selby Jennings,,"Data Scientist Global Private Asset Management Firm Manhattan, New York, USA Circa $100,000 - $200,000 plus Bonus and Benefits Key Skills: Python, R,",Data Scientist,150000.0,,,
413,New+York,Technical Source,,"Data analytics and modeling, data visualization, business acumen and strategy.*. The Data Scientist and Senior Managing Strategy Consultant role is in our...",Data Scientist,200000.0,,,
414,New+York,Datacom Technology Group,,"Should have experience conducting empirical research and working with large fundamental data sets. Will analyze and interpret relevant data, use valuation...",Quantitative Analyst (Fundamental Quant Equities) - Hedge Fu...,200000.0,,,
415,New+York,HRA/DEPT OF SOCIAL SERVICES,,The Data Analyst will:. Experience with data visualization techniques. The Public Engagement Unit is seeking a Data Analyst to support large-scale City...,DATA ANALYST,59984.5,,,
416,New+York,TalentHub Worldwide,,The Data Scientist assists in creating and maintaining data infrastructure for gathering multiple sources of data into a single data hub for the generation of...,Data Scientist,105000.0,,,
417,New+York,Smith Hanley Associates,,"As a Data Scientist, you will:. We are looking for Data Scientist to join the team in our New York City office....",Data Scientist,115000.0,,,
418,New+York,Smart Host,,"We’re looking for a brilliant data scientist who codes to found our data team. As our data scientist, you’ll develop a nascent data model and pricing algorithm...",Data Scientist (Lead),75000.0,,,
419,New+York,Princeton Consulting,,Ability to visualize and communicate data science concepts to other team members and the business. With that being said an ideal candidate should have...,Data Scientist,150000.0,,,
423,New+York,DEPT OF HEALTH/MENTAL HYGIENE,,"Experience utilizing mixed methods, including qualitative data; The Research Scientist will report to Research and Evaluation staff....","Data Analyst, Bureau of Chronic Disease Prevention and Tobac...",76941.5,,,
424,New+York,Infinity Consulting Solutions,,"An ability to translate and communicate complex data issues succinctly and with clarity to ensure understanding by management, clients or data scientists....",Business Analyst ( Data),80000.0,,,
425,New+York,Oliver James Associates,,"This is an excellent opportunity for a candidate from an actuarial background with previous experience in predictive modelling, preferably with P&C experience",VP - Predictive Modeling Actuary,215000.0,,,
426,New+York,"Execsolution, Inc.",,"As part of a project team, the Data Scientist will work with experienced Business Consultants and Data Scientists to resolve critical business problems for...",Data Scientist,150000.0,,,
427,New+York,Averity,,"ContactMichael Pachella (michael.pachella@averityteam.com)Quantitative Analyst, Research, Modeling, Data Science....",Quantitative Analyst (Big Data Focus) at $10+ Billion Hedge...,250000.0,,,
428,New+York,Helix Sleep,,2-5+ years of experience in a data scientist or data analyst with relatively little oversight and engineering support....,Senior Data Analyst,100000.0,,,
429,New+York,"Insurance Fund, State",,"Run risk systems (such as POINT, Aladdin, Yield Book, Quantal Risk Estimates, FINCAD, Moody’s KMV) and compile exposure and risk related data;...",Quantitative Analyst,145000.0,,,
430,New+York,Averity,,"We are a small team right, and we have a larger data team, including both engineers and data scientists (about 25 total), that work with us in a collaborative,...",Data Engineer (Partially Remote),100000.0,,,
431,New+York,Wade & Wendy,,Programmatically adding data to and manipulating data from a graph-based database system. Gather and parse structured as well as unstructured data and organize...,Sr. Machine Learning Data Scientist,130000.0,,,
434,New+York,Averity,,This is an amazing opportunity for a Senior Data Scientist to move into a client-facing role. We are looking for Senior Data Scientist with Anti-Money...,Data Scientist (AML Experience),152500.0,,,
435,New+York,Selby Jennings,,Senior Data Scientist. Develop solutions independently as well as lead other data scientists. A leading tech advertising company is looking for Senior Data...,Senior Data Scientist,170000.0,,,
436,New+York,Averity,,"Knowledge big data analysis and systems. Individual will work directly with Senior Analysts, Traders and report to trading head to leverage his/her big data and...",Junior Quantitative Analyst / Developer for $5B Hedge Fund,200000.0,,,
438,New+York,Selby Jennings,,"Senior Quantitative Developer/Machine Learning/Data Scientist. Large scale data analysis – ideally with Python, R, Matlab, SQL....",Senior Quantitative/Machine Learning - Contract,,,,
439,New+York,Health Research Incorporated,,"Experience analyzing large data sets using SAS. Experience in database creation, management and familiarity with health data....",Research Scientist I,53875.0,,,
440,New+York,Selby Jennings,,VP Data Scientist. A top investment bank in New York City is looking for a VP-level Data Scientist to join their Data Science Division....,VP Data Scientist,175000.0,,,
441,New+York,Workbridge Associates,,"The current team consists of 3 junior Data Scientists, 1 mid level Data Scientist, along with the VP. They are hiring for a Senior Data Scientist / Tech Lead to...",Senior Data Scientist,145000.0,,,
442,New+York,Averity,,We are a top-tier asset manager looking for a Quant Scientist (Quantitative Developer / Data Scientist) to work on one of our leading portfolio teams in our...,Quantitative Data Scientist - Large Asset Manager,225000.0,,,
443,New+York,DEPT OF HEALTH/MENTAL HYGIENE,,Prepare data reports. Write protocols and data dictionaries as needed. Past experience and facility analyzing STD surveillance data....,"Senior Data Analyst, Bureau of Sexually Transmitted Disease...",88331.0,,,
444,New+York,Research Foundation of The City University of New...,,Extensive data are available to support reservoir hydrodynamic and water quality modeling. Work will involve collaborative efforts with an interdisciplinary...,Water Quality Modeler,61500.0,,,
445,New+York,ingenium,,"Work with Data Scientists to process video data in ways that are meaningful for our publishers. Collaborate with a talented team of other engineers, data...",Big Data Engineer,150000.0,,,
446,New+York,Analytic Recruiting,,This includes building predictive models using Choice-based data and multi-country segmentations. Experience with survey design and choice modeling (program...,Senior Statistical Market Research Analyst,100000.0,,,
447,New+York,NJF Search,,Demonstrated ability to conduct independent research utilizing large data sets. Apply machine learning techniques to predicting financial markets....,Machine Learning Research Scientist - Hedgefund,200000.0,,,
449,New+York,3coast,,VP - Predictive Modeling / Data Scientist. Handle missing data through an algorithmic approach such as multiple imputations to enable insights in sparse and...,VP - Predictive Modeling / Data Scientist,140000.0,,,
450,New+York,DEPT OF HEALTH/MENTAL HYGIENE,,- Creating and maintaining data documentation. BSTDC has an opening for a Senior Data Analyst to work with data in the STD clinic electronic medical record (EMR...,"Senior Data Analyst, Bureau of Sexually Transmitted Disease",76941.5,,,
452,New+York,Atrium Staffing,,"Scientist needs a Masters or Ph.D.in chemistry or closely related field. Scientist assists in the development of novel compounds by HPLC, release studies, and...",SR. SCIENTIST,75000.0,,,
454,New+York,DEPT OF ENVIRONMENT PROTECTION,,"Technical writing skills, data review and auditing experience. These assessments will be made using technical audits, data reviews, document reviews and...",Quality Assurance Officer,76941.5,,,
459,New+York,DEPT OF HEALTH/MENTAL HYGIENE,,-Familiarity with fundamentals of data analysis (basic SAS preferred). Two years as a City Research Scientist Level I can be substituted for the experience...,"Project Coordinator, Bureau of HIV/AIDS Prevention and Contr...",64055.5,,,
460,New+York,DEPARTMENT OF FINANCE,,"Strong data analysis skills and data testing. Assisting with data cleansing, data conversion, system integrity, and system access issues....",Policy Data Analyst,74119.5,,,
461,New+York,Analytic Recruiting,,Building a story from the data. Market Research Senior Analyst (reports to SVP) needed by international custom market research firm to manage the execution and...,Market Research Senior Analyst,85000.0,,,
462,New+York,DEPT OF HEALTH/MENTAL HYGIENE,,Adhere to all data collection and reporting requirements from local and federal funding sources. Two years as a City Research Scientist Level I can be...,"Assurance Coordinator, Bureau of Sexually Transmitted Diseas...",88331.0,,,
463,New+York,Analytic Recruiting,,Market Research Analyst (reports to SVP) needed by international custom market research firm to manage the execution and analysis of custom market research,Market Research Analyst,65000.0,,,
464,New+York,HOUSING PRESERVATION & DVLPMNT,,"Reliability and validity, sampling, questionnaire design, primary data collection, weighting, and data management;...",Survey Methodologist,83500.0,,,
465,New+York,Workbridge Associates,,"They are currently hiring for a Data Scientist, especially someone who has a Bachelor’s or Master’s degree in a related field such as Data Science, Computer...",Data Scientist,120000.0,,,
466,New+York,ADMIN FOR CHILDREN'S SVCS,,Write SQL to query data from Oracle databases. Coordinate and perform data matches with datasets from external agencies....,Predictive Risk Analyst,76941.5,,,
467,New+York,Jobspring Partners,,"Data Scientist to join their team. Data science, data scientist, python, numpy, pandas, scipy, machine learning, big data, Hadoop, hive, mathematics, statistics...",Senior Data Scientist,135000.0,,,
468,New+York,DEPT OF HEALTH/MENTAL HYGIENE,,"Document data management procedures. Pre-process, clean, and prepare data for analysis; Familiarity with Medicaid claims data, particularly with regards to...","Research Analyst, Bureau of Systems Strengthening and Access",76897.5,,,
469,New+York,The Big Game Hunter,,O Handle missing data through an algorithmic approach such as multiple imputations to enable insights in sparse and messy data....,Predictive Analytics Professionals-- ROAD WARRIORS,140000.0,,,
470,New+York,OFFICE OF LABOR RELATIONS,,"Experience in data, research and reporting for outcome-based reporting, including evaluative research methods....",Program Coordinator,76941.5,,,
471,New+York,DEPT OF HEALTH/MENTAL HYGIENE,,"Experience in surveillance, data management and data analysis. Assist in analyzing and summarizing data. Two years as a City Research Scientist Level I can be...","Surveillance analyst, Bureau of Communicable Diseases",64055.5,,,
472,New+York,DEPT OF HEALTH/MENTAL HYGIENE,,"-Use SAS, including merge statements, macros and SQL, to manipulate and clean data and create analytic data sets....","Junior Research Analyst, Family and Child Health Administrat...",64055.5,,,
473,New+York,POLICE DEPARTMENT,,"This position will also be responsible for conducting confidential analytical work in the review, extraction, examination, and compilation of highly sensitive...","STATISTICIAN, LEVEL I",51363.0,,,
474,New+York,Workbridge Associates,,The ideal candidate will join the Data team and assist in building and maintaining the data pipeline that drives the application....,Machine Learning Data Engineer,150000.0,,,
475,New+York,Econtetni,,"We are looking for a machine learning expert who loves working with sensor data, loves developing new algorithms, is not afraid of challenging, open-ended...",Machine Learning Engineer Entry Level,65000.0,,,
478,New+York,DEPT OF HEALTH/MENTAL HYGIENE,,"Graduate level work in data analytic techniques, mathematics, statistics, measures of association, or related data analysis fields....","Researcher and Data Analyst, Developmental Disabilities",64055.5,,,
479,New+York,DEPT OF HEALTH/MENTAL HYGIENE,,"Experience with data visualizations, including mapping and interactive data displays. Provide support to BCD epidemiologists and subject matter experts by, e.g....","Reportable Disease Analyst, Bureau of Communicable Diseases",88331.0,,,
480,New+York,DEPT OF HEALTH/MENTAL HYGIENE,,"City Research Scientist. Experience of NGS techniques and data analyses in forensic field; Familiarity in MS Excel for data analysis, excellent interpersonal,...",Molecular Biology Researcher,57969.0,,,
481,New+York,FIRE DEPARTMENT,,"Prepare data for processing by organizing information, checking for any inaccuracies and adjusting the data; Identify/analyze relationships and trends in data,...",DATA ANALYST,76941.5,,,
482,New+York,DEPARTMENT OF FINANCE,,"Conduct extensive research and analysis of property related data, such as sales, cost, market. Two years as a City Research Scientist Level I can be substituted...",Property Valuation Modeler,71568.0,,,
483,New+York,Health Research Incorporated,,"Using HIV disease surveillance data, laboratory data and demographic data to support epidemiologic and health program programming and evaluations;...",Program Research Specialist III,69749.0,,,
484,New+York,Univision communications inc,,"Infographics, visual data representation skills a plus. Comfortable working with large data files and cross tabs....","Analyst, Strategy & Insights – Custom Research",55000.0,,,
486,New+York,DEPT OF HEALTH/MENTAL HYGIENE,,Experience applying statistical methods to administrative data including educational data. Will also work on the development of surveillance systems using OSH...,"Evaluator/Statistician, Family and Child Health/Bureau of Sc...",76941.5,,,
487,New+York,NJF Search,,"The role will focus on data analysis, statistics and probability. The main focus is to update existing strategies, monetize alphas, measure latencies conduct...",Statistician – Trading Firm,120000.0,,,
490,New+York,ADMIN FOR CHILDREN'S SVCS,,Write SQL to query data from Oracle databases. Coordinate and perform data matches with datasets from external agencies....,Child Welfare Analyst,76941.5,,,
491,New+York,HOUSING PRESERVATION & DVLPMNT,,"Reliability and validity, sampling, primary and secondary data collection, and data management; Experience managing and manipulating administrative data;...",Technical Researcher,64000.0,,,
492,New+York,Research Foundation of The City University of New...,,Collect data through field research exercises; Conduct intensive data analysis to inform implementation of the National Network’s crime reduction strategies;...,Research Analyst,52500.0,,,
493,New+York,Smith Arnold Partners,,Analyze and interpret data and derive insights to answer key clients’ business questions. Expanding international research and strategy firm in seeks a Senior...,Senior Research Analyst,57500.0,,,
494,New+York,DEPT OF HEALTH/MENTAL HYGIENE,,"Performing data analysis. Two years as a City Research Scientist Level I can be substituted for the experience required in ""1"" and ""2"" above....","HIV Phylogenetic Testing Group Leader, Bureau of Public Heal...",76941.5,,,
496,New+York,Hire Solutions Inc.,,"We are looking for data scientist, NLP specialist, etc. Understand business requirements for management data and services....",JR. Full Stack Developer,200000.0,,,
497,New+York,DEPT OF HEALTH/MENTAL HYGIENE,,"-Directly communicate with data requesters providing consultation on request, data access and protocol for accessing data....","Data Use and Research Analyst, Bureau of Vital Statistics",76941.5,,,
498,New+York,Smith Arnold Partners,,Analyze and interpret data and derive insights to answer key clients’ business questions. Expanding international research and strategy firm in seeks a Research...,Research Analyst,45000.0,,,
499,New+York,"Health, Department of",,"Additional duties will include development and validation of new tests, viral sequencing, data analysis, reporting of results and general laboratory...",Assistant Research Scientist (Virology) - 34114,47799.5,,,
500,New+York,University at Buffalo,,"Participating in data collection and long-term outcome evaluations in conjunction with the co-investigators, the graduate programs, and the professional program...",Program Coordinator,47000.0,,,
501,New+York,Analytic Recruiting,,"Work with data engineers, data scientists and analysts to ensure standardization. Data governance, sql, data management....",Executive Director of Data Governance,185000.0,,,
502,New+York,Econtetni,,"We are looking for a machine learning expert who loves working with sensor data, loves developing new algorithms, is not afraid of challenging, open-ended...",Machine Learning Engineer,65000.0,,,
503,New+York,AreteX Engineering,,"Candidates with experience in the analysis of experimental data derived from---but not limited to---auditory/visual/cross-sensory psychophysical, EEG, ECG, and...",NSF-Sponsored Postdoctoral Fellow: EEG Analysis,75000.0,,,
504,New+York,DEPT OF HEALTH/MENTAL HYGIENE,,"Utilize systems and tools, such as Survey Monkey, to support the gathering of data and its analysis; Two years as a City Research Scientist Level I can be...","Emergency Preparedness Coordinator, Bureau of Healthcare Sys...",64055.5,,,
507,New+York,DEPT OF HEALTH/MENTAL HYGIENE,,-Experience with complex data such as utilization management and administrative claims data is welcome. This position will be part of a team of data scientists...,"Research Associate, Bureau of Systems Strengthening and Acce...",82065.5,,,
509,New+York,Workbridge Associates,,"Self-driven, ability to be the first Data Scientist and sole researcher. As the lead Data Scientists you will play the crucial role of analyzing this data to...",Lead Data Scientist,160000.0,,,
512,New+York,Analytic Recruiting,,"Statisticians, research and lead purchase of desired software, introduce new technologies such as big data etc....",Director of Predictive Analytics (Statistician),150000.0,,,
846,Austin,TechTank Staffing & Consulting Solutions,,What are we looking for in this Data Scientist Programmer/Specialist:. Data Scientists - Not necessarily picking apart data models but being able to find a good...,Data Scientist Programmer/Specialist,140000.0,,,
847,Austin,University of Texas at Austin,,Development of tools for quantitative stratigraphic analysis and data analysis/database management. We seek a clastic stratigrapher with strengths in...,Research Scientist,8333.0,,,
848,Austin,University of Texas at Austin,,"Knowledge of digital signal processing, image processing, machine learning, autonomous control or statistical data analysis....",Engineering Scientist - R and D Algorithm and System Develop...,8541.5,,,
849,Austin,University of Texas at Austin,,"Solve problems encountered in interpretation, map generation, and correlating log data with seismic data. Create database projects and assist in the loading of...",Research Engineering/ Scientist Associate IV,6806.0,,,
850,Austin,All-In Analytics,,"Senior Deep Learning Data Scientist. Forecasting, Statistical Modeling, building new data driven products....",Senior Deep Learning Data Scientist,150000.0,,,
851,Austin,University of Texas at Austin,,"Provide technical and research focused leadership and participate in a small, dynamic team of customer focused scientists....",Research Associate - R and D Data Scientist,8124.5,,,
852,Austin,University of Texas at Austin,,Experience with processing and analyzing GNSS data. Perform processing and detailed analysis of data collected by GPS/GNSS receivers....,Engineering Scientist Associate - GNSS Analyst Associate,5950.0,,,
853,Austin,Texas Department of Public Safety,,"Develop plans, policies, and procedures for analyzing and interpreting statistical data. Work involves coordinating the planning, analysis, and presentation of...","Statistician III-IV, HSOC, THP-Austin",4714.0,,,
854,Austin,University of Texas at Austin,,Data analysis for space weather remediation. Demonstrated proficiency in software development and knowledge of statistical characterization data sets....,Engineering Scientist Associate - R and D Software Developer,5950.0,,,
856,Austin,Dept of State Health Services,,Examples include consulting with other public health staff and scientists and serving on data workgroups. Provides recommendations for implementing data quality...,Linkage Specialist,4966.0,,,
857,Austin,Myriad Development,,"Myriad Development is an Austin, TX based leader in cloud based information and technology solutions to the Financial Services markets. Myriad Development has",Research Analyst/Operations,35000.0,,,
858,Austin,University of Texas at Austin,,"Proficiency related to implementation and testing of data processing algorithms. Investigation of autonomous control and data processing algorithms, including...",Engineering Scientist - Underwater Robotics Algorithm Lead,8541.5,,,
859,Austin,Roc Search,,A Mid-level Data Scientist is needed to help improve the current process and algorithms in the healthcare pharma revenue stream....,Data Scientist - North Austin/80k/Analytics,85000.0,,,
860,Austin,University of Texas at Austin,,Investigate new applications of GPS/GNSS receiver data. Perform processing and detailed analysis of data collected by GPS/GNSS receivers....,Engineering Scientist - GNSS Analyst,8541.5,,,
861,Austin,Roland & Associates,,You have 3 years of hands-on data science work. You have experience in analysing the data for better understanding of web pages....,Data Scientist - Big Data,160000.0,,,
862,Austin,University of Texas at Austin,,"Demonstrated ability related to data acquisition and analysis methods including machine-learning, digital signal processing, or statistical data analysis....",Engineering Scientist Associate - Underwater Robotics Algori...,5950.0,,,
863,Austin,Myriad Development,,"Myriad Development is an Austin, TX based leader in cloud based information and technology solutions to the Financial Services markets. Myriad Development has",Research Analyst/Customer Serv,35000.0,,,
865,Austin,University of Texas at Austin,,Experience in testing/using array processing algorithms with real data. Research and develop new array processing software for polarization diverse radio...,Research Associate - Array Processing Scientist,8124.5,,,
867,Austin,University of Texas at Austin,,"Analyze mass spectrometry data analysis. One or more years of experience as a laboratory assistant, technician or staff scientist....",Research Engineering/ Scientist Assistant - Laboratory Techn...,2333.0,,,
868,Austin,University of Texas at Austin,,"Interacts with center scientists and external clients. Creates, maintains and visualizes data from many different sources into cohesive optimized data...",Research Engineering/ Scientist Associate IV - Spatial Data...,6388.0,,,
869,Austin,The University of Texas System,,"Assist in ongoing development of data warehouse to work in tandem of BI Suite, which includes data integration, data quality, data cleansing, and other Extract...",Institutional Research Analyst,4459.0,,,
871,Austin,Emoters Robotics,,"At Emoters, we’re developing tiny, autonomous robots that interact with their users much like pets. These robots are being designed to be lifelike, exhibit","Robotics software engineer (involves machine learning, AI, a...",85000.0,,,
872,Austin,Providence Partners,,"Company Located in South Austin, we are the leading information security research and advisory company globally. Benefits Phenomenal health benefits 3","Research Analyst (excel, analysis, client-facing)",65000.0,,,
874,Austin,JE Compliance,,"The ability to interact with many different types of individuals, including executives, scientists, engineers, and other business professionals....",International Environmental Specialist,41000.0,,,
875,Austin,University of Texas at Austin,,"Experience with digital data distribution techniques including middlewares. Control, interface with hardware, data distribution / acquisition and low-rate...",Engineering Scientist Associate - Software Defined Radio Rec...,5950.0,,,
876,Austin,University of Texas at Austin,,"Experience with digital data distribution techniques including middlewares. Control, interface with hardware, data distribution/acquisition and low-rate...",Engineering Scientist - Senior Software Defined Radio Receiv...,8541.5,,,
877,Austin,University of Texas at Austin,,"Lead a small development team in the design, implementation, and maintenance of software applications used for geodetic data analysis....",Engineering Scientist - Geospatial Application Software Deve...,8541.5,,,
880,Austin,University of Texas at Austin,,Ability to interpret CT data as applicable to fossil preparation and collections activities. To improve the Jackson School Museum of Earth History Paleontology...,Research Engineering/ Scientist Associate II - Paleontology...,3210.0,,,
888,Austin,University of Texas at Austin,,"Thorough understanding of object-oriented programming concepts, data structures/design patterns/algorithm performance analysis....",Engineering Scientist Associate - Software Engineering Assoc...,5950.0,,,
3527,Seattle,Prime Team Partners,,4813 Data Scientist*. The team is open to hiring Data Scientists with the following credentials:. Prime Team Partners is currently partnering with client in the...,Data Scientist,150000.0,,,
3528,Seattle,All-In Analytics,,"Digital Data Scientist. Big Data Mining and Analysis. Predictive Analytics, Machine Learning, Relevance Modeling, Click Through Rate Predictive Models,...",Digital Data Scientist,190000.0,,,
3529,Seattle,Harvey Nash USA,,"They are looking for a Type B data scientist:. Data Science Engineer. Work with clean data. There's an aphorism that 80% of data science work is joining,...",Data Science Engineer,135000.0,,,
3530,Seattle,Pullskill Technologies,,Lead Data Scientist Recruiter*. Data Scientist – SWE Team. Data Scientist (Software Engineering) – Advance Analytics*. Big Data & ML....,Data Scientist (Software Engineering),120000.0,,,
3531,Seattle,All-In Analytics,,"Data Scientist, Compensation Analytics. Must be highly proficient in Microsoft Excel, PowerPoint and Salesforce.com and technically savvy for other data systems...","Sr. Data Scientist, Compensation Analytics",120000.0,,,
3532,Seattle,"Rakuten, Inc.",,"Additionally, this position provides an opportunity to apply Natural Language Processing (NLP) and Machine Learning (ML) algorithms to large-scale ecommerce...",Software Development Engineer (Machine Learning),140000.0,,,
3534,Seattle,All-In Analytics,,"Big Data Scientist. Looking for an outstanding Big Data Scientist to be a part of our HR Analytics Team. Organized, detail oriented, multi-tasking, deep data...",Data Scientist,150000.0,,,
3535,Seattle,All-In Analytics,,Business Intelligence Data Scientist. Our client is looking for an Senior Business Intelligence Data Scientist to join their insights team....,Business Intelligence Data Scientist,135000.0,,,
3536,Seattle,University of Washington,,Verify accuracy of research data; Procedures for collecting an summarizing observations and data; Assist in modification of procedures for collecting and...,RESEARCH STUDY COORDINATOR 2 (50%),3611.0,,,
3537,Seattle,All-In Analytics,,Senior Business Intelligence Data Scientist. Our client is looking for an Senior Business Intelligence Data Scientist to join their insights team....,Senior Business Intelligence Data Scientist,190000.0,,,
3538,Seattle,NuWest Group,,"Duties will include cell culture, meticulous record keeping, data analysis, technical report writing, and presentations at group meetings....",Research Associate- CHO Cell Process Development,60000.0,,,
3539,Seattle,Washington State Government,,Forensic Scientists who process evidence that assists in prosecuting criminal cases; Releases evidence to forensic scientists and receives it back upon...,PROPERTY AND EVIDENCE CUSTODIAN,2549.5,,,
3541,Seattle,University of Washington Medical Center,,Demonstrate the ability to input accurate data when entering orders and follow policies and procedures regarding this task....,STOCKROOM ATTENDANT 2,2749.5,,,
3543,Seattle,University of Washington Medical Center,,"Perform a variety of related duties such as warehousing and receiving duties, computer data entry, pick-up and delivery of supplies, pick-up and delivery of lab...",DRIVER-WAREHOUSE WORKER,3139.5,,,
3544,Seattle,University of Washington,,"Accuracy of data; The Research Study Assistant will provide data collection, data entry and analysis support; Use provided data collections tools rigorously and...",RESEARCH STUDY ASSISTANT,2846.0,,,
3545,Seattle,University of Washington Medical Center,,Verify accuracy of research data; Procedures for collecting an summarizing observations and data; Assist in modification of procedures for collecting and...,RESEARCH STUDY COORDINATOR 2 (50%),3611.0,,,
3546,Seattle,University of Washington Medical Center,,Pull data from Analysts statistics and SDM (reporting tool) and telephone system; UW Medicine’s mission is to improve the health of the public by advancing...,SERVICE DESK ANALYST,4178.0,,,
3548,Seattle,University of Washington Medical Center,,"Accuracy of data; The Research Study Assistant will provide data collection, data entry and analysis support; Use provided data collections tools rigorously and...",RESEARCH STUDY ASSISTANT,2846.0,,,
3550,Seattle,All-In Analytics,,Searching for a top notch business scientist to draw insights from big data and automate processes to transfer this info in real time across the organization....,Senior Business Intelligence Scientist,190000.0,,,
3551,Seattle,King County,,"Conduct comprehensive data and project review of Trace Organics' analytical data including:. Checks for completeness, calculation accuracy, data interpretation,...",Trace Organics - Environmental Lab Scientist II,81078.0,,,
3552,Seattle,University of Washington Medical Center,,"Knowledge of UB, HCFA, ADA and other utilized billing forms Data. Ability to retrieve data, remittance advices and other EPIC HB systems in-put....",PATIENT FINANCIAL SERVICES SPECIALIST 2,3072.5,,,
3553,Seattle,University of Washington Medical Center,,Maintaining documentation regarding data entry decisions and analysis; Entering and editing data in the Versatile Enterprise (VE) in an accurate and timely...,OFFICE OPERATIONS AND ACCESSIONS ANALYST,3438.5,,,
3554,Seattle,University of Washington,,Maintaining documentation regarding data entry decisions and analysis; Entering and editing data in the Versatile Enterprise (VE) in an accurate and timely...,OFFICE OPERATIONS AND ACCESSIONS ANALYST,3438.5,,,
3555,Seattle,University of Washington,,Requirements for Medical Laboratory Scientist 1:. Requirements for Medical Laboratory Scientist Trainee:. Record data and maintain continual quality assurance...,MEDICAL LABORATORY SCIENTIST-TRAINEE OR 1,5098.0,,,
3559,Seattle,University of Washington Medical Center,,"Maintain inventory of data center supplies, transportation of equipment to various data centers and data rooms supported by the team....",COMPUTER MAINTENANCE TECHNICIAN 3,5619.5,,,
3562,Seattle,Department Of Veterans Affairs,,"Primary LIM Support focus will be Central Lab, Reference Lab, Data Innovations, Ancillary Testing, and Anatomic Pathology with a secondary focus in Blood Bank,...",Medical Technologist (Laboratory Information Manager),87313.5,,,
3563,Seattle,All-In Analytics,,"Business Intelligence Scientist. SQL, Digital Analytics, eCommerce, Big Data, A/B Testing, data mining, data analysis, reporting, dashboarding, product...",Business Intelligence Scientist,125000.0,,,
3564,Seattle,University of Washington Medical Center,,Observe principles of data security and patient confidentiality. High level of skill in entering data into computer while talking with callers....,CONTACT CENTER REPRESENTATIVE 1 - CANDIDATE BANK,3524.5,,,
3566,Seattle,University of Washington,,Demonstrate the ability to input accurate data when entering orders and follow policies and procedures regarding this task....,STOCKROOM ATTENDANT 2,2749.5,,,
3567,Seattle,University of Washington,,"Knowledge of UB, HCFA, ADA and other utilized billing forms Data. Ability to retrieve data, remittance advices and other EPIC HB systems in-put....",PATIENT FINANCIAL SERVICES SPECIALIST 2,3072.5,,,
3568,Seattle,All-In Analytics,,"Working with a team of Analysts, Software Developers, Data scientists, and Product Managers. Sr....",Sr. Global Device Manager,162500.0,,,
3569,Seattle,Department of the Navy,,"Conduct research, review information, run reports, and reconcile within various travel-related and procurement-related data systems;...",Administrative Assistant,49222.5,,,
3570,Seattle,University of Washington Medical Center,,"Apply knowledge of accounts and program relationships, data flow, audit trails and internal controls to design, test and improve processes....","ELECTRONIC INVOICE SPECIALIST, HMC ACCTS PAYABLE",3699.5,,,
3571,Seattle,University of Washington,,"Apply knowledge of accounts and program relationships, data flow, audit trails and internal controls to design, test and improve processes....","ELECTRONIC INVOICE SPECIALIST, HMC ACCTS PAYABLE",3699.5,,,
3572,Seattle,University of Washington,,"Follow protocol specifications unless otherwise instructed by Director, MLS Lead, Clinical Laboratory Supervisor or Research Scientist....",CLINICAL LABORATORY TECHNICIAN 1,3466.0,,,
3574,Seattle,University of Washington,,"Maintain inventory of data center supplies, transportation of equipment to various data centers and data rooms supported by the team....",COMPUTER MAINTENANCE TECHNICIAN 3,5619.5,,,
3575,Seattle,University of Washington Medical Center,,Previous experience with hospital-billing data entry. Produces and maintains management data related to the operational needs....,CHARGE CAPTURE COORDINATOR,3361.0,,,
3577,Seattle,University of Washington School of Medicine,,Postdoctoral Fellow/Research Scientist II. Assisting in the training of junior scientists. Presentations of data in lab meetings and publications....,Postdoc / Research Scientist,40000.0,,,
3578,Seattle,University of Washington,,"Exercise independent decision making with designated authority to provide direction and advice to Medical Laboratory Scientist 1's, Medical Laboratory Scientist...",MEDICAL LABORATORY SCIENTIST 2,5686.5,,,
3579,Seattle,University of Washington,,Requirements for Medical Laboratory Scientist 1:. Requirements for Medical Laboratory Scientist Trainee:. This position will be offered as a Medical Laboratory...,MEDICAL LABORATORY SCIENTIST 1 OR TRAINEE,4949.5,,,
3581,Seattle,University of Washington Medical Center,,Requirements for Medical Laboratory Scientist 1:. Requirements for Medical Laboratory Scientist Trainee:. This position will be offered as a Medical Laboratory...,MEDICAL LABORATORY SCIENTIST 1 OR TRAINEE,4949.5,,,
3582,Seattle,University of Washington Medical Center,,"Exercise independent decision making with designated authority to provide direction and advice to Medical Laboratory Scientist 1's, Medical Laboratory Scientist...",MEDICAL LABORATORY SCIENTIST 2,5686.5,,,
3583,Seattle,University of Washington Medical Center,,Requirements for Medical Laboratory Scientist 1:. Requirements for Medical Laboratory Scientist Trainee:. Record data and maintain continual quality assurance...,MEDICAL LABORATORY SCIENTIST-TRAINEE OR 1,5098.0,,,
3616,Chicago,Workbridge Associates,,"Hadoop, Hive, Pig for the Big Data. A leading health benefits company that is transforming the health care industry is looking to add a Data Scientist to their...",Data Scientist,135000.0,,,
3617,Chicago,Etech Hi Inc.,,Create annual/quarterly reports to monitor data quality and provide descriptive reports on datasets. Provide statistical consulting for the development and...,Statistician,71000.0,,,
3618,Chicago,Workbridge Associates,,A startup located right downtown that helps analyze consumer shopping trends and data is looking for a Senior Data Scientist to join a growing team....,Senior Data Scientist,140000.0,,,
3619,Chicago,Workbridge Associates,,Expert Design and Data visualization work. A well-funded healthcare startup in Chicago is looking for a data analyst to work with their engineering and...,Data Analyst / Scientist,95000.0,,,
3620,Chicago,Hirewell,,"Practical ability to visualize data, communicate about the data and utilize it effectively. You will be addressing challenging data science problems by...",Data Scientist,85000.0,,,
3621,Chicago,North shore Staffing Group,,Business Data Analyst – Mobile Devices to join their Data Sciences team. Works with data scientist and technology team to identify device-related parameters and...,Business Data Analyst,95000.0,,,
3622,Chicago,Smith Hanley Associates,,"Statistical Analyst/Data Scientist. Extract, clean, and transform customer data for analysis and reporting....",Data Scientist,90000.0,,,
3623,Chicago,Workbridge Associates,,A brand new startup moving its headquarters right downtown is looking for a Lead Data Scientist to join their team....,Lead Data Scientist,160000.0,,,
3624,Chicago,Workbridge Associates,,"Hadoop/Hive/Pig Big data Experience. A non-profit research and development organization in Des Plaines which develops, demonstrates, and licenses new energy...","Senior Data Scientist (Python, R) in Des Plaines",120000.0,,,
3625,Chicago,Jobspring Partners,,"Data, data science, data engineer, linux, unix, AWS, python, Python analyst, analyst, R, R programing, ETL, Big data, Spark, SQL, Pentaho, Java, Scala, Data...",Data Scientist,110000.0,,,
3626,Chicago,Analytic Recruiting,,"Data Science, Price Optimization, Econometric modeling, Predictive modeling, Machine Learning. Analytic consulting firm to the retail / CPG industry seeking a...",Lead Data Scientist,140000.0,,,
3627,Chicago,Smith Hanley Associates,,Experience working with syndicated data and POS data as well as providing BI solutions in a business environment....,(Sr.) Statistical Consultant,175000.0,,,
3629,Chicago,Smith Hanley Associates,,Analyze and mine large data sets as well as perform data management and data visualization tasks. Partner with cross-functional teams and drive data driven...,Statistical Analyst,55000.0,,,
3630,Chicago,Workbridge Associates,,"A major healthcare insurance corporation has been building out a new Data Analytics team in their Chicago office, and they are looking to add a Principal Data...",Principal Data Scientist,165000.0,,,
3631,Chicago,3coast,,"Uses sensory data in new product development efforts, when appropriate. Demonstrates strong data evaluation skills with a working knowledge of statistics;...",Product Development Specialist - Food R&D,90000.0,,,
3632,Chicago,Workbridge Associates,,They need someone with the experience to be hands-on with their data and analytical tools as well as manage and mentor a small team of more junior data...,"Manager of Data Science (Python, R)",185000.0,,,
3633,Chicago,Hirewell,,Bring structure to large quantities of data - turn unstructured data into structured data. Data Extraction Tools:....,Data Scientist -Fitness/Wellness Firm,120000.0,,,
3635,Chicago,NJF Search,,Looking for a Research Scientist with a background in Statistical Machine Learning and Bayesian inference to join a high frequency proprietary trading firm in...,"Quantitative Researcher, Machine Learning & Bayesian inferen...",200000.0,,,
3636,Chicago,Food Management Search,,"Data, drawing conclusions, documenting,. A technical leadership role providing direction....",Food Scientist MS or PhD - Meat Products,85000.0,,,
3637,Chicago,Workbridge Associates,,This is a great opportunity to join a team of passionate computer and data scientists and play an instrumental role in continuing their data evolution....,Lead Data Engineer,132500.0,,,
3638,Chicago,Workbridge Associates,,"Big Data with Hadoop, Hive, Impala. Mid, Senior, Lead, Director, Data, Scientist, Science, Machine, Learning, Predictive, Analytics, Engineer, Developer, Python...",Director of Data Analytics,170000.0,,,
3639,Chicago,Workbridge Associates,,Hiring for a Senior Data Scientist for a major healthcare corporation that is building out a new data analytics team in Chicago....,Senior Data Scientist (Deep Learning or NLP),130000.0,,,
3640,Chicago,Workbridge Associates,,"Big Data with Hadoop, Hive, Impala. Mid, Senior, Lead, Data, Scientist, Machine, Learning, Predictive, Analytics, Engineer, Developer, Python, R, Hadoop, Hive,...",Director of Data Science,180000.0,,,
3641,Chicago,Penfield Search Partners,,"Oversee or partner in development of data quality assurance checks, ensuring accuracy and consistency of data released for statistical analysis....",Assistant Director Biostatistics,185000.0,,,
3642,Chicago,ITStaff Technical Resources,,"Working with data scientists on optimal data structures, analytics and automation of data ingestion. Be familiar with data transformation, transport, reporting,...",Technical Project Manager/Business Analyst,85000.0,,,
3644,Chicago,Jobspring Partners,,"Data, Engineer, Scientist, Big Data, Hadoop, Hive, Pig, Spark, Storm, AWS, Cloud, Java, Python, Agile, Startup, Chicago, Full-time....",Data Engineer,90000.0,,,
3645,Chicago,Selby Jennings,,"Equity Research Analyst – Biotech - Chicago, IL Selby Jennings’ client, a boutique asset management firm, is looking to add an Equity Research Analyst who","Equity Research Analyst – Biotech - Chicago, IL",137500.0,,,
3646,Chicago,Penfield Search Partners,,"Oversee or partner in development of data quality assurance checks, ensuring accuracy and consistency of data released for statistical analysis....",Associate Director Statistics Phase I,185000.0,,,
3647,Chicago,Jobspring Partners,,NET Visual Studio big data bigdata analytics distributed computing parallel data scientist Microsoft cloud SAAS C# OOP algorithms data structures design...,Mid-Level C# .NET Software Engineer,90000.0,,,
3648,Chicago,Clinical Management Consultants,,"Manager Health Information Management Data Analysis HIM Job in Chicago IL. Manager Health Information Management, Manager HIM, Manager Coding, Manager Data...",Manager Health Information Management Data Analysis HIM,82329.0,,,
3652,Chicago,Workbridge Associates,,This agile team will create and develop new solutions to help efficiently analyze and interpret massive data streams as the work itself lives in the continuous...,Senior Java Computer Scientist,130000.0,,,
